Metrica,Valor
Entropia Original,4.218145047837188
Entropoia Cifrado,7.998533584924387
Correlacion,0.0011084573901248695
Bytes Evaluados,125000
