Metrica,Valor
Entropia Original,4.218145047837188
Entropoia Cifrado,7.998475697133848
Correlacion,-0.0009208379500375059
Bytes Evaluados,125000
